"Time","Vm1:Measured voltage","Gain1","C-Script:2","C-Script:1","Integrator"
0,30.205000000000002,1413.5940000000001,1,46.799999237060547,0.5
300,30.205000000000002,1413.5940000000001,1,46.799999237060547,0.50805555542423386
600,30.205000000000002,1413.5940000000001,1,46.799999237060547,0.51638888862171717
900,30.205000000000002,1413.5940000000001,1,46.799999237060547,0.52472222181920047
1200,30.205000000000002,1413.5940000000001,1,46.799999237060547,0.53305555501668378
1500,30.205000000000002,1413.5940000000001,1,46.799999237060547,0.54138888821416709
1800,30.205000000000002,1413.5940000000001,1,46.799999237060547,0.54972222141165039
2100,30.205000000000002,1413.5940000000001,1,46.799999237060547,0.5580555546091337
2400,30.205000000000002,1413.5940000000001,1,46.799999237060547,0.566388887806617
2700,30.205000000000002,1413.5940000000001,1,46.799999237060547,0.57472222100410031
3000,30.205000000000002,1413.5940000000001,1,46.799999237060547,0.58305555420158361
3300,30.205000000000002,1413.5940000000001,1,46.799999237060547,0.59138888739906692
3600,30.205000000000002,-1413.5940000000001,-1,-46.799999237060547,0.59972222059655023
3900,30.205000000000002,-1413.5940000000001,-1,-46.799999237060547,0.59194444294556581
4200,30.205000000000002,-1413.5940000000001,-1,-46.799999237060547,0.5836111097480825
4500,30.205000000000002,-1413.5940000000001,-1,-46.799999237060547,0.5752777765505992
4800,30.205000000000002,-1413.5940000000001,-1,-46.799999237060547,0.56694444335311589
5100,30.205000000000002,-1413.5940000000001,-1,-46.799999237060547,0.55861111015563258
5400,30.205000000000002,-1413.5940000000001,-1,-46.799999237060547,0.55027777695814928
5700,30.205000000000002,-1413.5940000000001,-1,-46.799999237060547,0.54194444376066597
6000,30.205000000000002,-1413.5940000000001,-1,-46.799999237060547,0.53361111056318267
6300,30.205000000000002,-1413.5940000000001,-1,-46.799999237060547,0.52527777736569936
6600,30.205000000000002,-1413.5940000000001,-1,-46.799999237060547,0.51694444416821606
6900,30.205000000000002,-1413.5940000000001,-1,-46.799999237060547,0.50861111097073275
7200,30.205000000000002,-1413.5940000000001,-1,-46.799999237060547,0.50027777777324944
7500,30.205000000000002,-1413.5940000000001,-1,-46.799999237060547,0.49194444457576775
7800,30.205000000000002,-1413.5940000000001,-1,-46.799999237060547,0.48361111137828611
8100,30.205000000000002,-1413.5940000000001,-1,-46.799999237060547,0.47527777818080447
8400,30.205000000000002,-1413.5940000000001,-1,-46.799999237060547,0.46694444498332283
8700,30.205000000000002,-1413.5940000000001,-1,-46.799999237060547,0.45861111178584119
9000,30.205000000000002,-1413.5940000000001,-1,-46.799999237060547,0.45027777858835955
9300,30.205000000000002,-1413.5940000000001,-1,-46.799999237060547,0.4419444453908779
9600,30.205000000000002,-1413.5940000000001,-1,-46.799999237060547,0.43361111219339626
9900,30.205000000000002,-1413.5940000000001,-1,-46.799999237060547,0.42527777899591462
10200,30.205000000000002,-1413.5940000000001,-1,-46.799999237060547,0.41694444579843298
10500,30.205000000000002,-1413.5940000000001,-1,-46.799999237060547,0.40861111260095134
10800,30.205000000000002,1413.5940000000001,1,46.799999237060547,0.4002777794034697
11100,30.205000000000002,1413.5940000000001,1,46.799999237060547,0.40805555705445257
11400,30.205000000000002,1413.5940000000001,1,46.799999237060547,0.41638889025193421
11700,30.205000000000002,1413.5940000000001,1,46.799999237060547,0.42472222344941585
12000,30.205000000000002,1413.5940000000001,1,46.799999237060547,0.43305555664689749
12300,30.205000000000002,1413.5940000000001,1,46.799999237060547,0.44138888984437913
12600,30.205000000000002,1413.5940000000001,1,46.799999237060547,0.44972222304186077
12900,30.205000000000002,1413.5940000000001,1,46.799999237060547,0.45805555623934241
13200,30.205000000000002,1413.5940000000001,1,46.799999237060547,0.46638888943682405
13500,30.205000000000002,1413.5940000000001,1,46.799999237060547,0.47472222263430569
13800,30.205000000000002,1413.5940000000001,1,46.799999237060547,0.48305555583178733
14100,30.205000000000002,1413.5940000000001,1,46.799999237060547,0.49138888902926897
14400,30.205000000000002,1413.5940000000001,1,46.799999237060547,0.49972222222675061
14700,30.205000000000002,1413.5940000000001,1,46.799999237060547,0.50805555542423386
15000,30.205000000000002,1413.5940000000001,1,46.799999237060547,0.51638888862171717
15300,30.205000000000002,1413.5940000000001,1,46.799999237060547,0.52472222181920047
15600,30.205000000000002,1413.5940000000001,1,46.799999237060547,0.53305555501668378
15900,30.205000000000002,1413.5940000000001,1,46.799999237060547,0.54138888821416709
16200,30.205000000000002,1413.5940000000001,1,46.799999237060547,0.54972222141165039
16500,30.205000000000002,1413.5940000000001,1,46.799999237060547,0.5580555546091337
16800,30.205000000000002,1413.5940000000001,1,46.799999237060547,0.566388887806617
17100,30.205000000000002,1413.5940000000001,1,46.799999237060547,0.57472222100410031
17400,30.205000000000002,1413.5940000000001,1,46.799999237060547,0.58305555420158361
17700,30.205000000000002,1413.5940000000001,1,46.799999237060547,0.59138888739906692
18000,30.205000000000002,-1413.5940000000001,-1,-46.799999237060547,0.59972222059655023
18300,30.205000000000002,-1413.5940000000001,-1,-46.799999237060547,0.59194444294556581
18600,30.205000000000002,-1413.5940000000001,-1,-46.799999237060547,0.5836111097480825
18900,30.205000000000002,-1413.5940000000001,-1,-46.799999237060547,0.5752777765505992
19200,30.205000000000002,-1413.5940000000001,-1,-46.799999237060547,0.56694444335311589
19500,30.205000000000002,-1413.5940000000001,-1,-46.799999237060547,0.55861111015563258
19800,30.205000000000002,-1413.5940000000001,-1,-46.799999237060547,0.55027777695814928
20100,30.205000000000002,-1413.5940000000001,-1,-46.799999237060547,0.54194444376066597
20400,30.205000000000002,-1413.5940000000001,-1,-46.799999237060547,0.53361111056318267
20700,30.205000000000002,-1413.5940000000001,-1,-46.799999237060547,0.52527777736569936
21000,30.205000000000002,-1413.5940000000001,-1,-46.799999237060547,0.51694444416821606
21300,30.205000000000002,-1413.5940000000001,-1,-46.799999237060547,0.50861111097073275
21600,30.205000000000002,-1413.5940000000001,-1,-46.799999237060547,0.50027777777324944
21900,30.205000000000002,-1413.5940000000001,-1,-46.799999237060547,0.49194444457576775
22200,30.205000000000002,-1413.5940000000001,-1,-46.799999237060547,0.48361111137828611
22500,30.205000000000002,-1413.5940000000001,-1,-46.799999237060547,0.47527777818080447
22800,30.205000000000002,-1413.5940000000001,-1,-46.799999237060547,0.46694444498332283
23100,30.205000000000002,-1413.5940000000001,-1,-46.799999237060547,0.45861111178584119
23400,30.205000000000002,-1413.5940000000001,-1,-46.799999237060547,0.45027777858835955
23700,30.205000000000002,-1413.5940000000001,-1,-46.799999237060547,0.4419444453908779
24000,30.205000000000002,-1413.5940000000001,-1,-46.799999237060547,0.43361111219339626
24300,30.205000000000002,-1413.5940000000001,-1,-46.799999237060547,0.42527777899591462
24600,30.205000000000002,-1413.5940000000001,-1,-46.799999237060547,0.41694444579843298
24900,30.205000000000002,-1413.5940000000001,-1,-46.799999237060547,0.40861111260095134
25200,30.205000000000002,1413.5940000000001,1,46.799999237060547,0.4002777794034697
25500,30.205000000000002,1413.5940000000001,1,46.799999237060547,0.40805555705445257
25800,30.205000000000002,1413.5940000000001,1,46.799999237060547,0.41638889025193421
26100,30.205000000000002,1413.5940000000001,1,46.799999237060547,0.42472222344941585
26400,30.205000000000002,1413.5940000000001,1,46.799999237060547,0.43305555664689749
26700,30.205000000000002,1413.5940000000001,1,46.799999237060547,0.44138888984437913
27000,30.205000000000002,1413.5940000000001,1,46.799999237060547,0.44972222304186077
27300,30.205000000000002,1413.5940000000001,1,46.799999237060547,0.45805555623934241
27600,30.205000000000002,1413.5940000000001,1,46.799999237060547,0.46638888943682405
27900,30.205000000000002,1413.5940000000001,1,46.799999237060547,0.47472222263430569
28200,30.205000000000002,1413.5940000000001,1,46.799999237060547,0.48305555583178733
28500,30.205000000000002,1413.5940000000001,1,46.799999237060547,0.49138888902926897
28800,30.205000000000002,1413.5940000000001,1,46.799999237060547,0.49972222222675061
29100,30.205000000000002,1413.5940000000001,1,46.799999237060547,0.50805555542423386
29400,30.205000000000002,1413.5940000000001,1,46.799999237060547,0.51638888862171717
29700,30.205000000000002,1413.5940000000001,1,46.799999237060547,0.52472222181920047
30000,30.205000000000002,1413.5940000000001,1,46.799999237060547,0.53305555501668378
30300,30.205000000000002,1413.5940000000001,1,46.799999237060547,0.54138888821416709
30600,30.205000000000002,1413.5940000000001,1,46.799999237060547,0.54972222141165039
30900,30.205000000000002,1413.5940000000001,1,46.799999237060547,0.5580555546091337
31200,30.205000000000002,1413.5940000000001,1,46.799999237060547,0.566388887806617
31500,30.205000000000002,1413.5940000000001,1,46.799999237060547,0.57472222100410031
31800,30.205000000000002,1413.5940000000001,1,46.799999237060547,0.58305555420158361
32100,30.205000000000002,1413.5940000000001,1,46.799999237060547,0.59138888739906692
32400,30.205000000000002,-1413.5940000000001,-1,-46.799999237060547,0.59972222059655023
32700,30.205000000000002,-1413.5940000000001,-1,-46.799999237060547,0.59194444294556581
33000,30.205000000000002,-1413.5940000000001,-1,-46.799999237060547,0.5836111097480825
33300,30.205000000000002,-1413.5940000000001,-1,-46.799999237060547,0.5752777765505992
33600,30.205000000000002,-1413.5940000000001,-1,-46.799999237060547,0.56694444335311589
33900,30.205000000000002,-1413.5940000000001,-1,-46.799999237060547,0.55861111015563258
34200,30.205000000000002,-1413.5940000000001,-1,-46.799999237060547,0.55027777695814928
34500,30.205000000000002,-1413.5940000000001,-1,-46.799999237060547,0.54194444376066597
34800,30.205000000000002,-1413.5940000000001,-1,-46.799999237060547,0.53361111056318267
35100,30.205000000000002,-1413.5940000000001,-1,-46.799999237060547,0.52527777736569936
35400,30.205000000000002,-1413.5940000000001,-1,-46.799999237060547,0.51694444416821606
35700,30.205000000000002,-1413.5940000000001,-1,-46.799999237060547,0.50861111097073275
36000,30.205000000000002,-1413.5940000000001,-1,-46.799999237060547,0.50027777777324944
36300,30.205000000000002,-1413.5940000000001,-1,-46.799999237060547,0.49194444457576775
36600,30.205000000000002,-1413.5940000000001,-1,-46.799999237060547,0.48361111137828611
36900,30.205000000000002,-1413.5940000000001,-1,-46.799999237060547,0.47527777818080447
37200,30.205000000000002,-1413.5940000000001,-1,-46.799999237060547,0.46694444498332283
37500,30.205000000000002,-1413.5940000000001,-1,-46.799999237060547,0.45861111178584119
37800,30.205000000000002,-1413.5940000000001,-1,-46.799999237060547,0.45027777858835955
38100,30.205000000000002,-1413.5940000000001,-1,-46.799999237060547,0.4419444453908779
38400,30.205000000000002,-1413.5940000000001,-1,-46.799999237060547,0.43361111219339626
38700,30.205000000000002,-1413.5940000000001,-1,-46.799999237060547,0.42527777899591462
39000,30.205000000000002,-1413.5940000000001,-1,-46.799999237060547,0.41694444579843298
39300,30.205000000000002,-1413.5940000000001,-1,-46.799999237060547,0.40861111260095134
39600,30.205000000000002,1413.5940000000001,1,46.799999237060547,0.4002777794034697
39900,30.205000000000002,1413.5940000000001,1,46.799999237060547,0.40805555705445257
40200,30.205000000000002,1413.5940000000001,1,46.799999237060547,0.41638889025193421
40500,30.205000000000002,1413.5940000000001,1,46.799999237060547,0.42472222344941585
40800,30.205000000000002,1413.5940000000001,1,46.799999237060547,0.43305555664689749
41100,30.205000000000002,1413.5940000000001,1,46.799999237060547,0.44138888984437913
41400,30.205000000000002,1413.5940000000001,1,46.799999237060547,0.44972222304186077
41700,30.205000000000002,1413.5940000000001,1,46.799999237060547,0.45805555623934241
42000,30.205000000000002,1413.5940000000001,1,46.799999237060547,0.46638888943682405
42300,30.205000000000002,1413.5940000000001,1,46.799999237060547,0.47472222263430569
42600,30.205000000000002,1413.5940000000001,1,46.799999237060547,0.48305555583178733
42900,30.205000000000002,1413.5940000000001,1,46.799999237060547,0.49138888902926897
43200,30.205000000000002,1413.5940000000001,1,46.799999237060547,0.49972222222675061
43500,30.205000000000002,1413.5940000000001,1,46.799999237060547,0.50805555542423386
43800,30.205000000000002,1413.5940000000001,1,46.799999237060547,0.51638888862171717
44100,30.205000000000002,1413.5940000000001,1,46.799999237060547,0.52472222181920047
44400,30.205000000000002,1413.5940000000001,1,46.799999237060547,0.53305555501668378
44700,30.205000000000002,1413.5940000000001,1,46.799999237060547,0.54138888821416709
45000,30.205000000000002,1413.5940000000001,1,46.799999237060547,0.54972222141165039
45300,30.205000000000002,1413.5940000000001,1,46.799999237060547,0.5580555546091337
45600,30.205000000000002,1413.5940000000001,1,46.799999237060547,0.566388887806617
45900,30.205000000000002,1413.5940000000001,1,46.799999237060547,0.57472222100410031
46200,30.205000000000002,1413.5940000000001,1,46.799999237060547,0.58305555420158361
46500,30.205000000000002,1413.5940000000001,1,46.799999237060547,0.59138888739906692
46800,30.205000000000002,-1413.5940000000001,-1,-46.799999237060547,0.59972222059655023
47100,30.205000000000002,-1413.5940000000001,-1,-46.799999237060547,0.59194444294556581
47400,30.205000000000002,-1413.5940000000001,-1,-46.799999237060547,0.5836111097480825
47700,30.205000000000002,-1413.5940000000001,-1,-46.799999237060547,0.5752777765505992
48000,30.205000000000002,-1413.5940000000001,-1,-46.799999237060547,0.56694444335311589
48300,30.205000000000002,-1413.5940000000001,-1,-46.799999237060547,0.55861111015563258
48600,30.205000000000002,-1413.5940000000001,-1,-46.799999237060547,0.55027777695814928
48900,30.205000000000002,-1413.5940000000001,-1,-46.799999237060547,0.54194444376066597
49200,30.205000000000002,-1413.5940000000001,-1,-46.799999237060547,0.53361111056318267
49500,30.205000000000002,-1413.5940000000001,-1,-46.799999237060547,0.52527777736569936
49800,30.205000000000002,-1413.5940000000001,-1,-46.799999237060547,0.51694444416821606
50100,30.205000000000002,-1413.5940000000001,-1,-46.799999237060547,0.50861111097073275
50400,30.205000000000002,-1413.5940000000001,-1,-46.799999237060547,0.50027777777324944
50700,30.205000000000002,-1413.5940000000001,-1,-46.799999237060547,0.49194444457576775
51000,30.205000000000002,-1413.5940000000001,-1,-46.799999237060547,0.48361111137828611
51300,30.205000000000002,-1413.5940000000001,-1,-46.799999237060547,0.47527777818080447
51600,30.205000000000002,-1413.5940000000001,-1,-46.799999237060547,0.46694444498332283
51900,30.205000000000002,-1413.5940000000001,-1,-46.799999237060547,0.45861111178584119
52200,30.205000000000002,-1413.5940000000001,-1,-46.799999237060547,0.45027777858835955
52500,30.205000000000002,-1413.5940000000001,-1,-46.799999237060547,0.4419444453908779
52800,30.205000000000002,-1413.5940000000001,-1,-46.799999237060547,0.43361111219339626
53100,30.205000000000002,-1413.5940000000001,-1,-46.799999237060547,0.42527777899591462
53400,30.205000000000002,-1413.5940000000001,-1,-46.799999237060547,0.41694444579843298
53700,30.205000000000002,-1413.5940000000001,-1,-46.799999237060547,0.40861111260095134
54000,30.205000000000002,1413.5940000000001,1,46.799999237060547,0.4002777794034697
54300,30.205000000000002,1413.5940000000001,1,46.799999237060547,0.40805555705445257
54600,30.205000000000002,1413.5940000000001,1,46.799999237060547,0.41638889025193421
54900,30.205000000000002,1413.5940000000001,1,46.799999237060547,0.42472222344941585
55200,30.205000000000002,1413.5940000000001,1,46.799999237060547,0.43305555664689749
55500,30.205000000000002,1413.5940000000001,1,46.799999237060547,0.44138888984437913
55800,30.205000000000002,1413.5940000000001,1,46.799999237060547,0.44972222304186077
56100,30.205000000000002,1413.5940000000001,1,46.799999237060547,0.45805555623934241
56400,30.205000000000002,1413.5940000000001,1,46.799999237060547,0.46638888943682405
56700,30.205000000000002,1413.5940000000001,1,46.799999237060547,0.47472222263430569
57000,30.205000000000002,1413.5940000000001,1,46.799999237060547,0.48305555583178733
57300,30.205000000000002,1413.5940000000001,1,46.799999237060547,0.49138888902926897
57600,30.205000000000002,1413.5940000000001,1,46.799999237060547,0.49972222222675061
57900,30.205000000000002,1413.5940000000001,1,46.799999237060547,0.50805555542423386
58200,30.205000000000002,1413.5940000000001,1,46.799999237060547,0.51638888862171717
58500,30.205000000000002,1413.5940000000001,1,46.799999237060547,0.52472222181920047
58800,30.205000000000002,1413.5940000000001,1,46.799999237060547,0.53305555501668378
59100,30.205000000000002,1413.5940000000001,1,46.799999237060547,0.54138888821416709
59400,30.205000000000002,1413.5940000000001,1,46.799999237060547,0.54972222141165039
59700,30.205000000000002,1413.5940000000001,1,46.799999237060547,0.5580555546091337
60000,30.205000000000002,1413.5940000000001,1,46.799999237060547,0.566388887806617
60300,30.205000000000002,1413.5940000000001,1,46.799999237060547,0.57472222100410031
60600,30.205000000000002,1413.5940000000001,1,46.799999237060547,0.58305555420158361
60900,30.205000000000002,1413.5940000000001,1,46.799999237060547,0.59138888739906692
61200,30.205000000000002,-1413.5940000000001,-1,-46.799999237060547,0.59972222059655023
61500,30.205000000000002,-1413.5940000000001,-1,-46.799999237060547,0.59194444294556581
61800,30.205000000000002,-1413.5940000000001,-1,-46.799999237060547,0.5836111097480825
62100,30.205000000000002,-1413.5940000000001,-1,-46.799999237060547,0.5752777765505992
62400,30.205000000000002,-1413.5940000000001,-1,-46.799999237060547,0.56694444335311589
62700,30.205000000000002,-1413.5940000000001,-1,-46.799999237060547,0.55861111015563258
63000,30.205000000000002,-1413.5940000000001,-1,-46.799999237060547,0.55027777695814928
63300,30.205000000000002,-1413.5940000000001,-1,-46.799999237060547,0.54194444376066597
63600,30.205000000000002,-1413.5940000000001,-1,-46.799999237060547,0.53361111056318267
63900,30.205000000000002,-1413.5940000000001,-1,-46.799999237060547,0.52527777736569936
64200,30.205000000000002,-1413.5940000000001,-1,-46.799999237060547,0.51694444416821606
64500,30.205000000000002,-1413.5940000000001,-1,-46.799999237060547,0.50861111097073275
64800,30.205000000000002,-1413.5940000000001,-1,-46.799999237060547,0.50027777777324944
65100,30.205000000000002,-1413.5940000000001,-1,-46.799999237060547,0.49194444457576775
65400,30.205000000000002,-1413.5940000000001,-1,-46.799999237060547,0.48361111137828611
65700,30.205000000000002,-1413.5940000000001,-1,-46.799999237060547,0.47527777818080447
66000,30.205000000000002,-1413.5940000000001,-1,-46.799999237060547,0.46694444498332283
66300,30.205000000000002,-1413.5940000000001,-1,-46.799999237060547,0.45861111178584119
66600,30.205000000000002,-1413.5940000000001,-1,-46.799999237060547,0.45027777858835955
66900,30.205000000000002,-1413.5940000000001,-1,-46.799999237060547,0.4419444453908779
67200,30.205000000000002,-1413.5940000000001,-1,-46.799999237060547,0.43361111219339626
67500,30.205000000000002,-1413.5940000000001,-1,-46.799999237060547,0.42527777899591462
67800,30.205000000000002,-1413.5940000000001,-1,-46.799999237060547,0.41694444579843298
68100,30.205000000000002,-1413.5940000000001,-1,-46.799999237060547,0.40861111260095134
68400,30.205000000000002,1413.5940000000001,1,46.799999237060547,0.4002777794034697
68700,30.205000000000002,1413.5940000000001,1,46.799999237060547,0.40805555705445257
69000,30.205000000000002,1413.5940000000001,1,46.799999237060547,0.41638889025193421
69300,30.205000000000002,1413.5940000000001,1,46.799999237060547,0.42472222344941585
69600,30.205000000000002,1413.5940000000001,1,46.799999237060547,0.43305555664689749
69900,30.205000000000002,1413.5940000000001,1,46.799999237060547,0.44138888984437913
70200,30.205000000000002,1413.5940000000001,1,46.799999237060547,0.44972222304186077
70500,30.205000000000002,1413.5940000000001,1,46.799999237060547,0.45805555623934241
70800,30.205000000000002,1413.5940000000001,1,46.799999237060547,0.46638888943682405
71100,30.205000000000002,1413.5940000000001,1,46.799999237060547,0.47472222263430569
71400,30.205000000000002,1413.5940000000001,1,46.799999237060547,0.48305555583178733
71700,30.205000000000002,1413.5940000000001,1,46.799999237060547,0.49138888902926897
72000,30.205000000000002,1413.5940000000001,1,46.799999237060547,0.49972222222675061
72300,30.205000000000002,1413.5940000000001,1,46.799999237060547,0.50805555542423386
72600,30.205000000000002,1413.5940000000001,1,46.799999237060547,0.51638888862171717
72900,30.205000000000002,1413.5940000000001,1,46.799999237060547,0.52472222181920047
73200,30.205000000000002,1413.5940000000001,1,46.799999237060547,0.53305555501668378
73500,30.205000000000002,1413.5940000000001,1,46.799999237060547,0.54138888821416709
73800,30.205000000000002,1413.5940000000001,1,46.799999237060547,0.54972222141165039
74100,30.205000000000002,1413.5940000000001,1,46.799999237060547,0.5580555546091337
74400,30.205000000000002,1413.5940000000001,1,46.799999237060547,0.566388887806617
74700,30.205000000000002,1413.5940000000001,1,46.799999237060547,0.57472222100410031
75000,30.205000000000002,1413.5940000000001,1,46.799999237060547,0.58305555420158361
75300,30.205000000000002,1413.5940000000001,1,46.799999237060547,0.59138888739906692
75600,30.205000000000002,-1413.5940000000001,-1,-46.799999237060547,0.59972222059655023
75900,30.205000000000002,-1413.5940000000001,-1,-46.799999237060547,0.59194444294556581
76200,30.205000000000002,-1413.5940000000001,-1,-46.799999237060547,0.5836111097480825
76500,30.205000000000002,-1413.5940000000001,-1,-46.799999237060547,0.5752777765505992
76800,30.205000000000002,-1413.5940000000001,-1,-46.799999237060547,0.56694444335311589
77100,30.205000000000002,-1413.5940000000001,-1,-46.799999237060547,0.55861111015563258
77400,30.205000000000002,-1413.5940000000001,-1,-46.799999237060547,0.55027777695814928
77700,30.205000000000002,-1413.5940000000001,-1,-46.799999237060547,0.54194444376066597
78000,30.205000000000002,-1413.5940000000001,-1,-46.799999237060547,0.53361111056318267
78300,30.205000000000002,-1413.5940000000001,-1,-46.799999237060547,0.52527777736569936
78600,30.205000000000002,-1413.5940000000001,-1,-46.799999237060547,0.51694444416821606
78900,30.205000000000002,-1413.5940000000001,-1,-46.799999237060547,0.50861111097073275
79200,30.205000000000002,-1413.5940000000001,-1,-46.799999237060547,0.50027777777324944
79500,30.205000000000002,-1413.5940000000001,-1,-46.799999237060547,0.49194444457576775
79800,30.205000000000002,-1413.5940000000001,-1,-46.799999237060547,0.48361111137828611
80100,30.205000000000002,-1413.5940000000001,-1,-46.799999237060547,0.47527777818080447
80400,30.205000000000002,-1413.5940000000001,-1,-46.799999237060547,0.46694444498332283
80700,30.205000000000002,-1413.5940000000001,-1,-46.799999237060547,0.45861111178584119
81000,30.205000000000002,-1413.5940000000001,-1,-46.799999237060547,0.45027777858835955
81300,30.205000000000002,-1413.5940000000001,-1,-46.799999237060547,0.4419444453908779
81600,30.205000000000002,-1413.5940000000001,-1,-46.799999237060547,0.43361111219339626
81900,30.205000000000002,-1413.5940000000001,-1,-46.799999237060547,0.42527777899591462
82200,30.205000000000002,-1413.5940000000001,-1,-46.799999237060547,0.41694444579843298
82500,30.205000000000002,-1413.5940000000001,-1,-46.799999237060547,0.40861111260095134
82800,30.205000000000002,1413.5940000000001,1,46.799999237060547,0.4002777794034697
83100,30.205000000000002,1413.5940000000001,1,46.799999237060547,0.40805555705445257
83400,30.205000000000002,1413.5940000000001,1,46.799999237060547,0.41638889025193421
83700,30.205000000000002,1413.5940000000001,1,46.799999237060547,0.42472222344941585
84000,30.205000000000002,1413.5940000000001,1,46.799999237060547,0.43305555664689749
84300,30.205000000000002,1413.5940000000001,1,46.799999237060547,0.44138888984437913
84600,30.205000000000002,1413.5940000000001,1,46.799999237060547,0.44972222304186077
84900,30.205000000000002,1413.5940000000001,1,46.799999237060547,0.45805555623934241
85200,30.205000000000002,1413.5940000000001,1,46.799999237060547,0.46638888943682405
85500,30.205000000000002,1413.5940000000001,1,46.799999237060547,0.47472222263430569
85800,30.205000000000002,1413.5940000000001,1,46.799999237060547,0.48305555583178733
86100,30.205000000000002,1413.5940000000001,1,46.799999237060547,0.49138888902926897
86400,30.205000000000002,1413.5940000000001,1,46.799999237060547,0.49972222222675061
86700,30.205000000000002,1413.5940000000001,1,46.799999237060547,0.50805555542423386
87000,30.205000000000002,1413.5940000000001,1,46.799999237060547,0.51638888862171717
87300,30.205000000000002,1413.5940000000001,1,46.799999237060547,0.52472222181920047
87600,30.205000000000002,1413.5940000000001,1,46.799999237060547,0.53305555501668378
87900,30.205000000000002,1413.5940000000001,1,46.799999237060547,0.54138888821416709
88200,30.205000000000002,1413.5940000000001,1,46.799999237060547,0.54972222141165039
88500,30.205000000000002,1413.5940000000001,1,46.799999237060547,0.5580555546091337
88800,30.205000000000002,1413.5940000000001,1,46.799999237060547,0.566388887806617
89100,30.205000000000002,1413.5940000000001,1,46.799999237060547,0.57472222100410031
89400,30.205000000000002,1413.5940000000001,1,46.799999237060547,0.58305555420158361
89700,30.205000000000002,1413.5940000000001,1,46.799999237060547,0.59138888739906692
90000,30.205000000000002,-1413.5940000000001,-1,-46.799999237060547,0.59972222059655023
90300,30.205000000000002,-1413.5940000000001,-1,-46.799999237060547,0.59194444294556581
90600,30.205000000000002,-1413.5940000000001,-1,-46.799999237060547,0.5836111097480825
90900,30.205000000000002,-1413.5940000000001,-1,-46.799999237060547,0.5752777765505992
91200,30.205000000000002,-1413.5940000000001,-1,-46.799999237060547,0.56694444335311589
91500,30.205000000000002,-1413.5940000000001,-1,-46.799999237060547,0.55861111015563258
91800,30.205000000000002,-1413.5940000000001,-1,-46.799999237060547,0.55027777695814928
92100,30.205000000000002,-1413.5940000000001,-1,-46.799999237060547,0.54194444376066597
92400,30.205000000000002,-1413.5940000000001,-1,-46.799999237060547,0.53361111056318267
92700,30.205000000000002,-1413.5940000000001,-1,-46.799999237060547,0.52527777736569936
93000,30.205000000000002,-1413.5940000000001,-1,-46.799999237060547,0.51694444416821606
93300,30.205000000000002,-1413.5940000000001,-1,-46.799999237060547,0.50861111097073275
93600,30.205000000000002,-1413.5940000000001,-1,-46.799999237060547,0.50027777777324944
93900,30.205000000000002,-1413.5940000000001,-1,-46.799999237060547,0.49194444457576775
94200,30.205000000000002,-1413.5940000000001,-1,-46.799999237060547,0.48361111137828611
94500,30.205000000000002,-1413.5940000000001,-1,-46.799999237060547,0.47527777818080447
94800,30.205000000000002,-1413.5940000000001,-1,-46.799999237060547,0.46694444498332283
95100,30.205000000000002,-1413.5940000000001,-1,-46.799999237060547,0.45861111178584119
95400,30.205000000000002,-1413.5940000000001,-1,-46.799999237060547,0.45027777858835955
95700,30.205000000000002,-1413.5940000000001,-1,-46.799999237060547,0.4419444453908779
96000,30.205000000000002,-1413.5940000000001,-1,-46.799999237060547,0.43361111219339626
96300,30.205000000000002,-1413.5940000000001,-1,-46.799999237060547,0.42527777899591462
96600,30.205000000000002,-1413.5940000000001,-1,-46.799999237060547,0.41694444579843298
96900,30.205000000000002,-1413.5940000000001,-1,-46.799999237060547,0.40861111260095134
97200,30.205000000000002,1413.5940000000001,1,46.799999237060547,0.4002777794034697
97500,30.205000000000002,1413.5940000000001,1,46.799999237060547,0.40805555705445257
97800,30.205000000000002,1413.5940000000001,1,46.799999237060547,0.41638889025193421
98100,30.205000000000002,1413.5940000000001,1,46.799999237060547,0.42472222344941585
98400,30.205000000000002,1413.5940000000001,1,46.799999237060547,0.43305555664689749
98700,30.205000000000002,1413.5940000000001,1,46.799999237060547,0.44138888984437913
99000,30.205000000000002,1413.5940000000001,1,46.799999237060547,0.44972222304186077
99300,30.205000000000002,1413.5940000000001,1,46.799999237060547,0.45805555623934241
99600,30.205000000000002,1413.5940000000001,1,46.799999237060547,0.46638888943682405
99900,30.205000000000002,1413.5940000000001,1,46.799999237060547,0.47472222263430569
100200,30.205000000000002,1413.5940000000001,1,46.799999237060547,0.48305555583178733
100500,30.205000000000002,1413.5940000000001,1,46.799999237060547,0.49138888902926897
100800,30.205000000000002,1413.5940000000001,1,46.799999237060547,0.49972222222675061
101100,30.205000000000002,1413.5940000000001,1,46.799999237060547,0.50805555542423386
101400,30.205000000000002,1413.5940000000001,1,46.799999237060547,0.51638888862171717
101700,30.205000000000002,1413.5940000000001,1,46.799999237060547,0.52472222181920047
102000,30.205000000000002,1413.5940000000001,1,46.799999237060547,0.53305555501668378
102300,30.205000000000002,1413.5940000000001,1,46.799999237060547,0.54138888821416709
102600,30.205000000000002,1413.5940000000001,1,46.799999237060547,0.54972222141165039
102900,30.205000000000002,1413.5940000000001,1,46.799999237060547,0.5580555546091337
103200,30.205000000000002,1413.5940000000001,1,46.799999237060547,0.566388887806617
103500,30.205000000000002,1413.5940000000001,1,46.799999237060547,0.57472222100410031
103800,30.205000000000002,1413.5940000000001,1,46.799999237060547,0.58305555420158361
104100,30.205000000000002,1413.5940000000001,1,46.799999237060547,0.59138888739906692
104400,30.205000000000002,-1413.5940000000001,-1,-46.799999237060547,0.59972222059655023
104700,30.205000000000002,-1413.5940000000001,-1,-46.799999237060547,0.59194444294556581
105000,30.205000000000002,-1413.5940000000001,-1,-46.799999237060547,0.5836111097480825
105300,30.205000000000002,-1413.5940000000001,-1,-46.799999237060547,0.5752777765505992
105600,30.205000000000002,-1413.5940000000001,-1,-46.799999237060547,0.56694444335311589
105900,30.205000000000002,-1413.5940000000001,-1,-46.799999237060547,0.55861111015563258
106200,30.205000000000002,-1413.5940000000001,-1,-46.799999237060547,0.55027777695814928
106500,30.205000000000002,-1413.5940000000001,-1,-46.799999237060547,0.54194444376066597
106800,30.205000000000002,-1413.5940000000001,-1,-46.799999237060547,0.53361111056318267
107100,30.205000000000002,-1413.5940000000001,-1,-46.799999237060547,0.52527777736569936
107400,30.205000000000002,-1413.5940000000001,-1,-46.799999237060547,0.51694444416821606
107700,30.205000000000002,-1413.5940000000001,-1,-46.799999237060547,0.50861111097073275
108000,30.205000000000002,-1413.5940000000001,-1,-46.799999237060547,0.50027777777324944
108300,30.205000000000002,-1413.5940000000001,-1,-46.799999237060547,0.49194444457576775
108600,30.205000000000002,-1413.5940000000001,-1,-46.799999237060547,0.48361111137828611
108900,30.205000000000002,-1413.5940000000001,-1,-46.799999237060547,0.47527777818080447
109200,30.205000000000002,-1413.5940000000001,-1,-46.799999237060547,0.46694444498332283
109500,30.205000000000002,-1413.5940000000001,-1,-46.799999237060547,0.45861111178584119
109800,30.205000000000002,-1413.5940000000001,-1,-46.799999237060547,0.45027777858835955
110100,30.205000000000002,-1413.5940000000001,-1,-46.799999237060547,0.4419444453908779
110400,30.205000000000002,-1413.5940000000001,-1,-46.799999237060547,0.43361111219339626
110700,30.205000000000002,-1413.5940000000001,-1,-46.799999237060547,0.42527777899591462
111000,30.205000000000002,-1413.5940000000001,-1,-46.799999237060547,0.41694444579843298
111300,30.205000000000002,-1413.5940000000001,-1,-46.799999237060547,0.40861111260095134
111600,30.205000000000002,1413.5940000000001,1,46.799999237060547,0.4002777794034697
111900,30.205000000000002,1413.5940000000001,1,46.799999237060547,0.40805555705445257
112200,30.205000000000002,1413.5940000000001,1,46.799999237060547,0.41638889025193421
112500,30.205000000000002,1413.5940000000001,1,46.799999237060547,0.42472222344941585
112800,30.205000000000002,1413.5940000000001,1,46.799999237060547,0.43305555664689749
113100,30.205000000000002,1413.5940000000001,1,46.799999237060547,0.44138888984437913
113400,30.205000000000002,1413.5940000000001,1,46.799999237060547,0.44972222304186077
113700,30.205000000000002,1413.5940000000001,1,46.799999237060547,0.45805555623934241
114000,30.205000000000002,1413.5940000000001,1,46.799999237060547,0.46638888943682405
114300,30.205000000000002,1413.5940000000001,1,46.799999237060547,0.47472222263430569
114600,30.205000000000002,1413.5940000000001,1,46.799999237060547,0.48305555583178733
114900,30.205000000000002,1413.5940000000001,1,46.799999237060547,0.49138888902926897
115200,30.205000000000002,1413.5940000000001,1,46.799999237060547,0.49972222222675061
115500,30.205000000000002,1413.5940000000001,1,46.799999237060547,0.50805555542423386
115800,30.205000000000002,1413.5940000000001,1,46.799999237060547,0.51638888862171717
116100,30.205000000000002,1413.5940000000001,1,46.799999237060547,0.52472222181920047
116400,30.205000000000002,1413.5940000000001,1,46.799999237060547,0.53305555501668378
116700,30.205000000000002,1413.5940000000001,1,46.799999237060547,0.54138888821416709
117000,30.205000000000002,1413.5940000000001,1,46.799999237060547,0.54972222141165039
117300,30.205000000000002,1413.5940000000001,1,46.799999237060547,0.5580555546091337
117600,30.205000000000002,1413.5940000000001,1,46.799999237060547,0.566388887806617
117900,30.205000000000002,1413.5940000000001,1,46.799999237060547,0.57472222100410031
118200,30.205000000000002,1413.5940000000001,1,46.799999237060547,0.58305555420158361
118500,30.205000000000002,1413.5940000000001,1,46.799999237060547,0.59138888739906692
118800,30.205000000000002,-1413.5940000000001,-1,-46.799999237060547,0.59972222059655023
119100,30.205000000000002,-1413.5940000000001,-1,-46.799999237060547,0.59194444294556581
119400,30.205000000000002,-1413.5940000000001,-1,-46.799999237060547,0.5836111097480825
119700,30.205000000000002,-1413.5940000000001,-1,-46.799999237060547,0.5752777765505992
120000,30.205000000000002,-1413.5940000000001,-1,-46.799999237060547,0.56694444335311589
120300,30.205000000000002,-1413.5940000000001,-1,-46.799999237060547,0.55861111015563258
120600,30.205000000000002,-1413.5940000000001,-1,-46.799999237060547,0.55027777695814928
120900,30.205000000000002,-1413.5940000000001,-1,-46.799999237060547,0.54194444376066597
121200,30.205000000000002,-1413.5940000000001,-1,-46.799999237060547,0.53361111056318267
121500,30.205000000000002,-1413.5940000000001,-1,-46.799999237060547,0.52527777736569936
121800,30.205000000000002,-1413.5940000000001,-1,-46.799999237060547,0.51694444416821606
122100,30.205000000000002,-1413.5940000000001,-1,-46.799999237060547,0.50861111097073275
122400,30.205000000000002,-1413.5940000000001,-1,-46.799999237060547,0.50027777777324944
122700,30.205000000000002,-1413.5940000000001,-1,-46.799999237060547,0.49194444457576775
123000,30.205000000000002,-1413.5940000000001,-1,-46.799999237060547,0.48361111137828611
123300,30.205000000000002,-1413.5940000000001,-1,-46.799999237060547,0.47527777818080447
123600,30.205000000000002,-1413.5940000000001,-1,-46.799999237060547,0.46694444498332283
123900,30.205000000000002,-1413.5940000000001,-1,-46.799999237060547,0.45861111178584119
124200,30.205000000000002,-1413.5940000000001,-1,-46.799999237060547,0.45027777858835955
124500,30.205000000000002,-1413.5940000000001,-1,-46.799999237060547,0.4419444453908779
124800,30.205000000000002,-1413.5940000000001,-1,-46.799999237060547,0.43361111219339626
125100,30.205000000000002,-1413.5940000000001,-1,-46.799999237060547,0.42527777899591462
125400,30.205000000000002,-1413.5940000000001,-1,-46.799999237060547,0.41694444579843298
125700,30.205000000000002,-1413.5940000000001,-1,-46.799999237060547,0.40861111260095134
126000,30.205000000000002,1413.5940000000001,1,46.799999237060547,0.4002777794034697
126300,30.205000000000002,1413.5940000000001,1,46.799999237060547,0.40805555705445257
126600,30.205000000000002,1413.5940000000001,1,46.799999237060547,0.41638889025193421
126900,30.205000000000002,1413.5940000000001,1,46.799999237060547,0.42472222344941585
127200,30.205000000000002,1413.5940000000001,1,46.799999237060547,0.43305555664689749
127500,30.205000000000002,1413.5940000000001,1,46.799999237060547,0.44138888984437913
127800,30.205000000000002,1413.5940000000001,1,46.799999237060547,0.44972222304186077
128100,30.205000000000002,1413.5940000000001,1,46.799999237060547,0.45805555623934241
128400,30.205000000000002,1413.5940000000001,1,46.799999237060547,0.46638888943682405
128700,30.205000000000002,1413.5940000000001,1,46.799999237060547,0.47472222263430569
129000,30.205000000000002,1413.5940000000001,1,46.799999237060547,0.48305555583178733
129300,30.205000000000002,1413.5940000000001,1,46.799999237060547,0.49138888902926897
129600,30.205000000000002,1413.5940000000001,1,46.799999237060547,0.49972222222675061
129900,30.205000000000002,1413.5940000000001,1,46.799999237060547,0.50805555542423386
130200,30.205000000000002,1413.5940000000001,1,46.799999237060547,0.51638888862171717
130500,30.205000000000002,1413.5940000000001,1,46.799999237060547,0.52472222181920047
130800,30.205000000000002,1413.5940000000001,1,46.799999237060547,0.53305555501668378
131100,30.205000000000002,1413.5940000000001,1,46.799999237060547,0.54138888821416709
131400,30.205000000000002,1413.5940000000001,1,46.799999237060547,0.54972222141165039
131700,30.205000000000002,1413.5940000000001,1,46.799999237060547,0.5580555546091337
132000,30.205000000000002,1413.5940000000001,1,46.799999237060547,0.566388887806617
132300,30.205000000000002,1413.5940000000001,1,46.799999237060547,0.57472222100410031
132600,30.205000000000002,1413.5940000000001,1,46.799999237060547,0.58305555420158361
132900,30.205000000000002,1413.5940000000001,1,46.799999237060547,0.59138888739906692
133200,30.205000000000002,-1413.5940000000001,-1,-46.799999237060547,0.59972222059655023
133500,30.205000000000002,-1413.5940000000001,-1,-46.799999237060547,0.59194444294556581
133800,30.205000000000002,-1413.5940000000001,-1,-46.799999237060547,0.5836111097480825
134100,30.205000000000002,-1413.5940000000001,-1,-46.799999237060547,0.5752777765505992
134400,30.205000000000002,-1413.5940000000001,-1,-46.799999237060547,0.56694444335311589
134700,30.205000000000002,-1413.5940000000001,-1,-46.799999237060547,0.55861111015563258
135000,30.205000000000002,-1413.5940000000001,-1,-46.799999237060547,0.55027777695814928
135300,30.205000000000002,-1413.5940000000001,-1,-46.799999237060547,0.54194444376066597
135600,30.205000000000002,-1413.5940000000001,-1,-46.799999237060547,0.53361111056318267
135900,30.205000000000002,-1413.5940000000001,-1,-46.799999237060547,0.52527777736569936
136200,30.205000000000002,-1413.5940000000001,-1,-46.799999237060547,0.51694444416821606
136500,30.205000000000002,-1413.5940000000001,-1,-46.799999237060547,0.50861111097073275
136800,30.205000000000002,-1413.5940000000001,-1,-46.799999237060547,0.50027777777324944
137100,30.205000000000002,-1413.5940000000001,-1,-46.799999237060547,0.49194444457576775
137400,30.205000000000002,-1413.5940000000001,-1,-46.799999237060547,0.48361111137828611
137700,30.205000000000002,-1413.5940000000001,-1,-46.799999237060547,0.47527777818080447
138000,30.205000000000002,-1413.5940000000001,-1,-46.799999237060547,0.46694444498332283
138300,30.205000000000002,-1413.5940000000001,-1,-46.799999237060547,0.45861111178584119
138600,30.205000000000002,-1413.5940000000001,-1,-46.799999237060547,0.45027777858835955
138900,30.205000000000002,-1413.5940000000001,-1,-46.799999237060547,0.4419444453908779
139200,30.205000000000002,-1413.5940000000001,-1,-46.799999237060547,0.43361111219339626
139500,30.205000000000002,-1413.5940000000001,-1,-46.799999237060547,0.42527777899591462
139800,30.205000000000002,-1413.5940000000001,-1,-46.799999237060547,0.41694444579843298
140100,30.205000000000002,-1413.5940000000001,-1,-46.799999237060547,0.40861111260095134
140400,30.205000000000002,1413.5940000000001,1,46.799999237060547,0.4002777794034697
140700,30.205000000000002,1413.5940000000001,1,46.799999237060547,0.40805555705445257
141000,30.205000000000002,1413.5940000000001,1,46.799999237060547,0.41638889025193421
141300,30.205000000000002,1413.5940000000001,1,46.799999237060547,0.42472222344941585
141600,30.205000000000002,1413.5940000000001,1,46.799999237060547,0.43305555664689749
141900,30.205000000000002,1413.5940000000001,1,46.799999237060547,0.44138888984437913
142200,30.205000000000002,1413.5940000000001,1,46.799999237060547,0.44972222304186077
142500,30.205000000000002,1413.5940000000001,1,46.799999237060547,0.45805555623934241
142800,30.205000000000002,1413.5940000000001,1,46.799999237060547,0.46638888943682405
143100,30.205000000000002,1413.5940000000001,1,46.799999237060547,0.47472222263430569
143400,30.205000000000002,1413.5940000000001,1,46.799999237060547,0.48305555583178733
143700,30.205000000000002,1413.5940000000001,1,46.799999237060547,0.49138888902926897
144000,30.205000000000002,1413.5940000000001,1,46.799999237060547,0.49972222222675061
144300,30.205000000000002,1413.5940000000001,1,46.799999237060547,0.50805555542423386
144600,30.205000000000002,1413.5940000000001,1,46.799999237060547,0.51638888862171717
144900,30.205000000000002,1413.5940000000001,1,46.799999237060547,0.52472222181920047
145200,30.205000000000002,1413.5940000000001,1,46.799999237060547,0.53305555501668378
145500,30.205000000000002,1413.5940000000001,1,46.799999237060547,0.54138888821416709
145800,30.205000000000002,1413.5940000000001,1,46.799999237060547,0.54972222141165039
146100,30.205000000000002,1413.5940000000001,1,46.799999237060547,0.5580555546091337
146400,30.205000000000002,1413.5940000000001,1,46.799999237060547,0.566388887806617
146700,30.205000000000002,1413.5940000000001,1,46.799999237060547,0.57472222100410031
147000,30.205000000000002,1413.5940000000001,1,46.799999237060547,0.58305555420158361
147300,30.205000000000002,1413.5940000000001,1,46.799999237060547,0.59138888739906692
147600,30.205000000000002,1413.5940000000001,1,46.799999237060547,0.59972222059655023
